client,status,CAMICIA,SCARPA ALTA INVERNALE M,PILE ARANCIO,SCARPA ALTA  HARD,SCARPA ALTA ASFALTISTA,PANTALONE LAVORO L,GIUBBETTO,SCARPA ALTA INVERNALE S,STIVALE,SCARPA ALTA STONE S,PILE S,PANTALONE LAVORO M,ELMETTO,PANTALONE JEANS M,SCARPA ALTA STONE M,PILE L,PILE ALTA VISIBILITA',SCARPA BASSA,MAGLIETTA,SCARPA ALTA INVERNALE XL,SCARPA ALTA INVERNALE L,FELPA,SCARPA ALTA STONE L,PANTALONE LAVORO S,PANTALONE ARANCIO,PANTALONE,PANTALONE JEANS S,SCARPA ASFALTISTA,TUTA,SCARPA BASSA STRONG,SCARPA ALTA SCOTLAND,PANTALONE JEANS L
FI,0,0,0,1,0,1,0,0,0,0,0,0,0,0,0,0,0,0,0,0,0,0,0,0,0,1,0,0,0,0,0,0,0
CO,0,0,0,0,0,0,0,0,0,0,0,2,0,0,0,0,0,0,0,0,0,2,0,0,2,0,0,0,0,0,0,0,0
CO,0,1,0,0,0,0,0,0,0,0,0,0,0,0,0,0,0,0,0,0,0,1,0,0,0,0,1,0,0,0,2,0,0
CO,0,0,1,0,0,0,0,0,1,0,0,4,3,0,0,0,1,0,2,0,0,1,0,0,2,0,0,0,0,0,0,0,0
CO,0,0,0,0,0,0,0,0,1,1,0,0,0,0,0,0,0,0,0,0,1,0,0,0,0,0,0,0,0,0,1,0,0
FI,0,0,0,2,0,0,0,0,0,0,0,0,0,0,0,2,0,0,0,0,0,0,0,0,0,2,0,0,0,0,0,0,0
CO,0,0,1,0,0,0,0,0,0,0,0,0,3,0,0,0,0,1,0,1,0,0,0,0,0,0,5,0,0,0,0,0,0
CO,0,0,1,0,0,0,0,2,1,0,0,0,0,0,0,0,0,1,0,0,0,1,0,0,0,0,3,0,0,0,1,0,0
CO,0,0,1,0,0,0,0,1,1,0,0,1,1,0,0,0,2,2,3,4,0,0,0,0,1,0,3,0,2,0,0,1,0
FI,0,0,0,0,0,0,0,0,0,0,0,0,0,0,0,1,0,0,0,0,0,0,1,0,0,0,0,1,0,0,0,0,0
CO,0,0,1,0,0,0,0,0,0,0,0,0,0,0,0,0,0,0,0,0,1,1,0,3,2,0,0,0,0,0,1,1,0
CO,0,0,0,0,0,0,0,0,1,0,0,0,1,0,0,0,0,0,0,0,1,0,0,0,0,0,0,0,0,0,0,0,0
CO,0,0,1,0,0,0,0,0,0,1,0,0,0,0,0,0,0,0,0,0,0,0,0,0,1,0,0,0,0,0,0,0,0
MI,0,0,0,0,0,0,0,0,0,0,0,0,1,0,0,0,1,0,1,0,0,0,0,0,1,0,0,0,1,0,3,0,0
CO,0,0,0,0,0,0,0,0,0,0,0,0,0,0,0,0,0,0,0,0,6,1,0,0,0,0,0,0,0,0,0,1,0
CO,0,0,0,0,0,0,0,0,0,0,0,0,0,0,0,0,0,0,3,0,0,0,0,0,2,0,0,0,0,0,2,1,0
FI,0,0,0,2,0,0,0,0,0,0,0,0,0,1,0,1,0,0,0,0,0,0,0,1,0,2,0,0,0,0,0,0,0
CO,0,0,0,0,0,0,0,0,0,0,0,3,0,0,0,1,0,0,0,1,0,0,0,0,0,0,0,0,1,0,0,1,0
CO,0,1,1,0,0,0,0,0,0,0,0,6,3,0,0,1,1,2,0,0,2,2,0,0,3,0,0,0,0,0,0,0,0
FI,0,0,0,0,0,0,0,0,0,0,0,0,0,0,1,2,0,0,0,0,0,0,2,0,0,0,0,0,0,0,0,0,1
CO,0,0,0,0,0,0,0,0,0,0,0,1,2,0,0,0,1,0,0,0,1,1,0,0,0,0,0,0,0,0,1,0,0
CO,0,0,1,0,0,0,0,0,0,0,0,1,0,0,0,0,0,0,0,0,0,0,0,0,1,0,0,0,0,0,0,0,0
CO,0,2,2,0,0,0,1,0,0,0,0,1,1,0,0,2,2,0,1,1,5,1,0,0,1,0,0,0,0,0,2,2,0
CO,0,0,0,0,0,0,1,0,0,0,0,0,0,0,0,0,1,0,0,0,1,0,0,0,0,0,0,0,0,0,2,0,0
FI,0,0,0,0,0,0,0,0,0,0,1,0,0,0,1,0,0,0,0,0,0,0,1,0,0,0,0,0,0,0,0,0,0
CO,0,5,0,0,0,0,1,0,0,1,0,5,1,0,0,3,1,2,2,2,1,2,0,1,3,0,1,0,1,0,0,0,0
CO,0,0,0,0,0,0,0,0,0,0,0,0,0,0,0,0,0,0,0,0,0,0,0,0,0,0,0,0,0,0,0,1,0
CO,0,1,0,0,0,0,0,1,0,0,0,0,1,0,0,1,1,1,2,1,1,1,0,0,0,0,0,0,0,0,0,0,0
MI,0,1,0,0,0,0,0,0,0,0,0,2,0,0,0,0,1,0,0,0,0,0,0,0,1,0,0,0,0,0,0,1,0
CO,0,0,2,0,0,0,0,0,0,0,0,4,3,0,0,0,0,0,0,0,0,2,0,0,1,0,0,0,0,0,0,1,0
CO,0,0,1,0,0,0,1,0,0,0,0,0,0,0,0,0,1,0,2,0,1,0,0,0,0,0,0,0,0,0,0,2,0
CO,0,2,1,0,0,0,1,0,0,0,0,0,2,0,0,0,2,1,0,0,0,0,0,0,3,0,0,0,0,0,0,0,0
FI,0,0,0,0,0,0,0,0,0,0,0,0,0,3,4,4,0,0,0,0,0,0,4,0,0,0,0,0,0,0,0,0,0
CO,0,0,2,0,0,0,0,0,0,0,0,2,0,0,0,0,0,0,0,0,0,0,0,0,2,0,0,0,0,0,0,2,0
CO,0,0,2,0,0,0,0,0,0,0,0,3,0,0,0,0,0,0,0,0,0,1,0,0,3,0,0,0,0,0,0,0,0
CO,0,0,0,0,0,0,0,0,1,0,0,1,0,0,0,0,0,0,0,0,0,0,0,0,1,0,0,0,0,0,1,0,0
FI,0,0,0,5,0,1,0,0,0,0,1,0,0,1,0,2,0,0,0,0,0,0,0,1,0,5,0,0,0,0,0,0,0
CO,0,0,0,0,0,0,0,0,1,0,0,0,1,0,0,0,0,0,0,0,0,1,0,0,0,0,0,0,0,0,0,1,0
FI,0,0,0,0,0,0,0,0,0,0,0,0,0,0,0,1,0,0,0,0,0,0,1,0,0,0,0,0,0,0,0,0,1
CO,0,0,0,0,0,0,0,0,0,0,0,0,2,0,0,1,0,0,0,0,0,2,0,0,3,0,0,0,0,0,0,1,0
CO,0,0,0,0,0,0,1,0,0,0,0,2,1,0,0,0,1,0,0,0,3,0,0,0,1,0,0,0,0,0,0,0,0
CO,0,0,0,0,0,0,0,0,0,0,0,1,1,0,0,0,1,0,1,0,1,0,0,0,1,0,0,0,0,0,0,0,0
CO,0,0,0,0,0,13,0,0,1,0,0,1,0,0,0,0,0,0,0,0,0,0,0,0,1,0,0,0,0,0,0,1,0
CO,0,0,0,0,0,0,0,0,0,0,1,2,0,0,0,1,1,0,2,0,0,2,0,0,0,0,0,0,0,0,0,2,0
MI,0,0,4,0,0,0,0,0,1,2,0,3,6,0,0,0,3,0,1,0,4,4,0,0,1,0,0,0,0,0,1,1,0
FI,0,0,0,0,0,0,0,0,0,0,0,0,0,1,1,3,0,0,0,0,0,0,3,0,0,0,0,1,0,0,0,0,1
CO,0,0,0,0,0,0,0,0,0,0,0,0,0,0,0,0,0,0,0,0,0,0,0,0,0,0,0,0,0,0,0,2,0
CO,0,4,0,0,0,0,0,0,0,1,0,0,0,0,0,0,2,1,2,9,0,0,0,0,2,0,0,0,0,0,0,3,0
FI,0,0,0,0,0,0,0,0,0,0,0,0,0,0,1,3,0,0,0,0,0,0,3,0,0,0,0,0,0,0,0,0,2
CO,0,0,0,0,0,0,1,0,0,0,0,0,0,0,0,0,1,0,0,0,1,0,0,0,0,0,0,0,0,0,0,0,0
CO,0,0,0,0,0,0,0,0,0,0,0,0,0,0,0,0,0,0,0,0,0,0,0,0,0,0,0,0,0,0,0,1,0
FI,0,0,0,0,0,0,0,0,0,0,1,0,0,0,0,2,0,0,0,0,0,0,2,0,0,0,0,2,0,1,0,0,0
CO,0,2,1,0,0,0,0,0,0,0,0,0,0,0,0,0,0,0,0,0,0,0,0,0,0,0,0,0,0,0,1,0,0
CO,0,0,0,0,0,0,0,0,0,0,0,1,1,0,0,0,0,0,1,0,0,0,0,0,0,0,0,0,0,0,0,0,0
CO,0,1,1,0,0,0,0,0,0,1,0,0,1,0,0,0,0,0,0,0,0,0,0,0,0,0,0,0,0,0,0,0,0
MI,0,0,0,0,8,0,0,0,1,0,0,3,2,0,1,0,1,0,0,0,1,2,1,0,2,0,0,0,0,0,9,0,0
CO,0,0,0,0,0,0,0,0,0,0,0,1,1,0,0,0,0,0,0,0,0,0,0,0,0,0,0,0,2,1,0,0,0
FI,0,0,0,0,0,0,0,0,0,0,0,0,0,0,1,2,0,0,0,0,0,0,2,0,0,0,0,1,0,0,0,0,0
CO,0,1,0,0,0,0,0,0,0,0,2,1,0,0,0,1,1,0,0,0,0,0,0,0,0,0,0,0,0,0,0,0,0
CO,0,4,2,0,0,0,0,0,1,0,0,3,1,0,0,1,1,0,2,2,0,0,0,0,2,0,0,0,0,0,0,0,0
CO,0,0,2,0,0,0,5,0,0,1,0,2,7,0,0,1,3,0,0,0,5,4,0,0,0,0,0,0,0,1,0,1,0
CO,0,0,0,0,0,0,0,1,0,2,0,0,0,0,0,0,2,0,0,0,0,1,0,0,0,0,0,0,0,0,0,0,0
FI,0,0,0,0,0,0,0,0,0,0,1,0,0,0,1,1,0,0,0,0,0,0,2,0,0,0,0,0,0,0,0,0,1
CO,0,3,0,0,0,0,0,0,0,0,0,0,3,0,0,0,0,0,3,0,0,0,0,0,0,0,0,0,0,0,0,1,0
CO,0,1,0,0,0,0,0,1,0,1,0,1,0,0,0,1,0,0,0,0,1,0,0,0,0,0,1,0,2,0,1,0,0
MI,0,0,0,0,0,0,0,1,0,0,0,0,0,0,0,0,0,0,1,0,0,0,0,0,0,0,2,0,0,1,0,0,0
CO,0,1,0,0,0,0,0,0,0,0,0,0,7,0,2,0,0,0,0,1,0,0,2,0,0,0,0,0,0,0,3,1,0
CO,0,2,0,0,0,0,0,0,0,0,0,1,0,0,0,0,2,0,0,0,0,0,0,0,0,0,0,0,0,0,1,0,0
CO,0,3,1,0,0,0,0,0,0,0,0,0,0,0,0,1,0,0,3,0,0,0,0,0,0,0,0,0,0,0,0,0,0
CO,0,0,0,0,0,0,0,0,1,0,0,1,2,0,0,0,1,0,0,0,0,1,0,0,0,0,0,0,0,0,0,0,0
FI,0,0,0,0,0,0,0,0,0,0,0,0,0,0,0,1,0,0,0,0,0,0,1,0,0,0,0,1,0,0,0,0,0
FI,0,0,0,0,0,0,0,0,0,0,0,0,0,0,1,1,0,0,0,0,0,0,1,0,0,0,0,0,0,0,0,0,0
CO,0,3,0,0,0,0,0,0,0,1,1,0,0,0,0,3,1,1,3,0,0,0,0,0,1,0,0,0,2,0,0,0,0
FI,0,0,0,0,0,0,0,0,0,0,0,0,0,0,1,3,0,0,0,0,0,0,3,0,0,0,0,0,0,0,0,0,2
CO,0,0,0,0,0,0,0,0,1,0,0,1,0,0,0,0,0,0,0,0,0,0,0,0,1,0,0,0,0,0,0,0,0
CO,0,0,0,0,0,0,0,0,0,0,0,0,1,0,0,0,0,0,2,5,0,0,0,0,0,0,0,0,0,0,0,0,0
CO,0,0,1,0,0,0,1,0,2,0,0,5,6,0,0,0,4,0,4,1,2,1,0,0,2,0,0,0,0,0,0,0,0
CO,0,0,4,0,0,0,0,0,0,0,0,2,0,0,0,0,0,0,0,0,2,1,0,0,0,0,0,0,0,0,1,0,0
CO,0,0,0,0,1,0,0,0,1,0,0,0,1,0,0,0,1,0,0,0,0,0,0,0,0,0,0,0,0,0,2,0,0
CO,0,3,0,0,0,0,0,1,0,2,0,1,0,0,0,1,1,1,0,0,0,0,0,0,0,0,0,0,0,1,0,1,0
FI,0,0,0,0,0,0,0,0,0,0,0,0,0,0,3,4,0,0,0,0,0,0,5,1,0,0,0,2,0,0,0,0,0
CO,0,2,2,0,0,0,0,0,0,0,0,2,2,0,0,0,0,0,1,1,0,2,0,0,0,0,0,0,0,0,3,0,0
FI,0,0,0,0,0,0,0,0,0,0,0,0,0,0,4,3,0,0,0,0,0,0,4,1,0,0,0,0,0,0,0,0,0
CO,0,0,0,0,0,0,2,0,1,0,0,4,3,0,0,0,3,0,0,0,2,1,0,0,2,0,0,0,4,1,0,0,0
CO,0,0,1,0,0,0,0,0,0,0,0,1,0,0,0,0,0,0,0,0,0,0,0,0,1,0,0,0,0,0,0,0,0
CO,0,1,0,0,0,0,0,0,0,0,0,0,2,0,0,0,1,0,3,0,0,0,0,0,0,0,0,0,0,1,0,0,0
FI,0,0,0,0,0,0,0,0,0,0,0,0,0,0,0,1,0,0,0,0,0,0,1,0,0,0,0,1,0,0,0,0,0
CO,0,0,0,0,0,0,0,0,0,0,0,0,0,0,0,0,0,0,0,0,0,0,0,0,0,0,0,0,0,0,0,2,0
CO,0,0,0,0,0,0,0,0,0,0,0,0,0,0,0,0,0,0,1,0,0,0,0,0,0,0,1,0,0,0,0,0,0
CO,0,1,1,0,0,0,0,0,0,0,0,0,0,0,0,3,0,0,0,0,2,1,0,0,0,0,0,0,0,4,1,0,0
CO,0,0,0,0,0,0,0,0,0,0,0,1,0,0,0,0,0,0,0,0,0,1,0,0,1,0,0,0,0,0,0,0,0
CO,0,1,0,0,0,0,0,0,0,0,0,0,2,0,0,0,1,0,1,0,1,0,0,0,0,0,0,0,0,0,0,0,0
FI,0,0,0,0,0,0,0,0,0,0,2,0,0,0,0,0,0,0,0,0,0,0,2,0,0,0,2,0,0,0,0,0,0
CO,0,0,0,0,0,0,0,0,1,0,0,0,1,0,0,0,0,0,3,0,0,0,0,0,0,0,0,0,1,0,0,2,0
CO,0,0,1,0,0,0,0,0,0,0,0,2,0,0,0,0,0,0,0,0,0,0,0,0,0,0,0,0,0,0,0,0,0
CO,0,0,1,0,0,0,0,0,0,1,0,0,3,0,0,0,1,0,0,0,0,0,0,0,0,0,1,0,0,0,0,0,0
FI,0,0,0,0,0,0,0,0,0,0,0,0,0,0,0,1,0,0,0,0,0,0,1,0,0,0,0,1,0,0,0,0,0
FI,0,0,0,0,0,0,0,0,0,0,0,0,0,2,2,2,0,0,0,0,0,0,2,0,0,0,0,0,0,0,0,0,0
CO,0,1,0,0,0,0,0,0,0,0,0,2,4,0,0,0,3,0,2,0,1,0,2,0,0,0,0,2,0,0,2,0,0
CO,0,0,0,0,0,0,0,0,0,0,0,2,1,0,0,0,0,0,2,0,0,0,0,0,0,0,0,0,0,0,0,0,0
CO,0,0,0,0,0,0,0,0,0,1,0,0,2,0,0,0,1,0,0,0,0,0,0,0,0,0,0,0,0,0,0,0,0
CO,0,2,0,0,0,0,0,0,0,0,0,1,1,0,0,0,2,0,1,0,1,0,0,0,3,0,0,0,0,0,0,0,0
FI,0,0,0,0,0,0,0,0,0,0,0,0,0,0,5,4,0,0,0,0,0,0,5,1,0,0,0,0,0,0,0,0,0
CO,0,0,1,0,0,0,0,0,0,0,0,0,0,0,0,0,0,0,0,0,0,0,0,0,0,0,0,0,0,1,2,1,0
MI,0,0,2,0,0,0,0,0,1,0,0,1,1,0,0,0,2,0,0,0,0,0,0,0,0,0,0,0,0,0,2,1,0
CO,0,2,1,0,0,0,0,0,0,0,0,0,1,0,0,1,0,0,0,0,0,0,0,0,0,0,0,0,0,0,0,0,0
FI,0,0,0,0,0,0,0,0,0,0,0,0,0,0,0,2,0,0,0,0,0,0,2,0,0,0,0,2,0,0,0,0,0
CO,0,2,0,0,0,0,1,0,0,0,0,1,0,0,0,0,1,0,3,0,0,0,0,1,1,0,0,0,0,0,0,0,0
MI,0,0,0,0,1,0,0,0,0,0,0,2,2,0,0,0,0,0,0,0,1,0,1,0,0,0,0,0,1,0,0,0,1
FI,0,0,0,0,0,0,0,0,0,0,0,0,0,0,7,7,0,0,0,0,0,0,8,1,0,0,0,0,0,0,0,0,1
CO,0,0,0,0,0,0,0,0,0,0,0,2,2,0,0,0,0,0,2,0,0,0,0,0,0,0,0,0,0,0,0,0,0
MI,0,0,3,0,0,0,0,0,1,0,0,9,0,0,0,0,2,0,2,0,7,2,0,0,5,0,0,0,0,2,0,1,0
FI,0,0,0,0,0,0,0,0,0,0,0,0,0,0,1,1,0,0,0,0,0,0,1,0,0,0,0,0,0,0,0,0,0
CO,0,0,0,0,0,0,1,0,0,0,0,0,0,0,0,0,1,0,0,0,1,0,0,0,0,0,0,0,0,0,0,0,0
CO,0,0,1,0,0,0,0,0,1,0,0,0,2,0,0,0,0,0,2,0,1,2,0,0,0,0,0,0,0,0,2,0,0
CO,0,0,1,0,0,0,1,0,1,0,0,0,0,0,0,0,0,0,0,0,0,1,0,0,2,0,0,0,0,0,0,0,0
FI,0,0,0,0,0,0,0,0,0,0,0,0,0,0,1,1,0,0,0,0,0,0,1,0,0,0,0,0,0,0,0,0,0
CO,0,0,0,0,0,0,1,0,0,0,0,0,0,0,0,0,0,0,2,1,1,2,0,0,0,0,0,0,0,0,0,0,0
FI,0,0,0,0,0,0,0,0,0,0,1,0,0,0,2,3,0,0,0,0,0,0,4,0,0,0,0,1,0,0,0,0,1
CO,0,1,7,0,0,0,0,0,0,0,0,2,6,0,0,0,6,0,11,0,11,2,0,1,0,0,0,0,0,0,0,2,0
CO,0,0,1,0,0,0,0,0,0,0,1,0,0,0,0,0,1,0,0,0,0,0,0,0,0,0,0,0,0,2,1,1,0
CO,0,1,0,0,0,0,0,0,0,0,0,1,0,0,0,0,0,0,1,1,0,0,0,0,0,0,0,0,0,0,0,0,0
FI,0,0,0,0,0,0,0,0,0,0,0,0,0,0,2,4,0,0,0,0,0,0,6,2,0,0,2,1,0,0,0,0,1
FI,0,0,0,0,0,0,0,0,0,0,0,0,0,0,1,1,0,0,0,0,0,0,1,0,0,0,0,0,0,0,0,0,0
CO,0,0,0,0,0,0,0,0,0,0,0,6,2,0,0,0,0,0,0,0,0,0,0,0,2,0,0,0,0,0,0,0,0
CO,0,1,1,0,0,0,0,0,0,0,0,2,2,0,0,1,0,0,0,0,1,0,0,0,0,0,0,0,0,0,0,0,0
CO,0,0,4,0,0,0,0,0,0,0,0,4,4,0,0,3,0,0,7,0,1,3,0,0,3,0,0,0,0,1,0,2,0
CO,0,1,0,0,0,0,0,1,0,0,0,2,1,0,0,0,0,0,0,0,0,1,0,0,2,0,0,0,0,0,0,0,0
FI,0,0,0,0,0,0,0,0,0,0,0,0,0,0,0,1,0,0,0,0,0,0,1,0,0,0,0,0,0,0,0,0,1
CO,0,3,2,0,0,0,1,1,3,2,0,11,10,0,0,2,4,0,4,3,6,0,0,0,5,0,0,0,0,0,0,0,0
FI,0,0,0,0,0,0,0,0,0,0,0,0,0,0,3,3,0,0,0,0,0,0,3,0,0,0,0,0,0,0,0,0,0
CO,0,0,1,0,0,0,0,0,0,0,0,1,2,0,0,0,1,0,0,0,0,1,0,0,0,0,0,0,0,0,0,0,0
CO,0,1,1,0,0,0,0,0,0,0,0,2,0,0,0,0,0,0,0,0,0,1,0,0,5,0,0,0,0,0,0,0,0
CO,0,0,1,0,0,0,2,0,3,1,0,5,1,0,0,0,1,0,4,0,0,2,0,0,1,0,0,0,0,1,0,2,0
CO,0,0,0,0,0,0,0,0,0,0,0,0,0,0,0,0,0,0,0,1,0,0,0,0,2,0,0,0,0,1,0,1,0
CO,0,0,0,0,0,0,0,1,0,0,0,0,0,0,0,1,0,0,0,0,0,0,0,0,0,0,0,0,0,0,0,0,0
FI,0,0,0,0,0,0,0,0,0,0,0,0,0,0,0,1,0,0,0,0,0,0,1,0,0,0,0,0,0,0,0,0,1
CO,0,0,0,0,0,0,0,1,1,0,0,0,0,0,0,0,0,0,2,0,0,0,0,0,1,0,0,0,0,0,1,2,0
CO,0,0,0,0,0,0,1,0,0,0,0,0,0,0,0,0,1,0,0,0,1,0,0,0,0,0,0,0,0,0,0,0,0
FI,0,0,0,3,0,3,0,0,0,0,0,0,0,0,0,0,0,0,0,0,0,0,0,0,0,3,0,0,0,0,0,0,0
CO,0,0,1,0,0,0,0,0,0,0,0,0,2,0,0,1,0,0,0,1,1,0,0,0,0,0,0,0,0,0,0,1,0
CO,0,0,0,0,0,0,0,0,0,0,0,0,0,0,0,2,4,0,1,1,0,0,0,0,0,0,0,0,0,0,0,0,0
FI,0,0,0,0,0,0,0,0,0,0,0,0,0,1,0,1,0,0,0,0,0,0,1,0,0,0,0,1,0,0,0,0,0
CO,0,0,1,0,0,0,0,0,0,0,0,3,2,0,0,0,1,1,0,0,1,0,0,0,2,0,0,0,0,0,0,1,0
FI,0,0,0,0,0,0,0,0,0,0,0,0,0,0,0,1,0,0,0,0,0,0,1,0,0,0,0,1,0,0,0,0,0
CO,0,0,0,0,0,0,0,0,0,0,0,0,0,0,0,0,0,0,1,0,0,0,0,0,0,0,1,0,0,0,0,0,0
CO,0,0,0,0,0,0,0,0,1,0,0,1,0,0,0,0,0,0,0,0,0,0,0,0,1,0,0,0,0,0,0,0,0
MI,0,0,0,0,0,0,0,0,1,0,0,0,2,0,0,0,0,0,1,0,0,1,0,0,0,0,0,0,0,0,0,0,0
CO,0,0,1,0,0,0,1,0,0,0,0,0,2,0,0,0,0,0,0,0,2,3,0,0,0,0,0,0,0,0,0,0,0
FI,0,0,0,0,0,0,0,0,0,0,0,0,0,0,1,1,0,0,0,0,0,0,1,0,0,0,0,0,0,0,0,0,0
CO,0,0,1,0,0,0,0,0,0,0,0,2,1,0,0,0,0,0,1,0,0,0,0,0,1,0,0,0,0,0,0,0,0
CO,0,0,1,0,0,0,0,0,1,0,0,1,0,0,0,0,0,0,0,0,0,1,0,0,0,0,0,0,2,0,1,0,0
FI,0,0,0,9,0,9,0,0,0,0,0,0,0,1,0,1,0,0,0,0,0,0,1,0,0,9,0,0,0,0,0,0,1
FI,0,0,0,0,0,0,0,0,0,0,0,0,0,0,2,4,0,0,0,0,0,0,4,0,0,0,0,0,0,0,0,0,2
FI,0,0,0,0,0,0,0,0,0,0,1,0,0,1,2,1,0,0,0,0,0,0,3,1,0,0,0,0,0,0,0,0,1
CO,0,6,2,0,0,0,0,0,1,1,0,3,5,0,0,0,3,0,3,4,2,1,0,1,2,0,0,0,0,3,0,0,0
CO,0,2,3,0,0,0,2,0,1,0,0,3,2,0,0,0,2,1,0,1,2,1,0,0,3,0,3,0,1,1,0,2,0
CO,0,0,0,0,0,0,0,0,0,0,0,2,1,0,0,1,0,0,1,0,0,0,0,1,0,0,0,0,0,0,0,1,0
FI,0,0,0,0,0,0,0,0,0,0,0,0,0,0,2,2,0,0,0,0,0,0,2,0,0,0,0,0,0,0,0,0,0
CO,0,0,1,0,0,0,0,0,0,0,0,0,1,0,0,0,1,0,0,0,0,0,0,0,0,0,0,0,0,0,0,0,0
FI,0,0,0,0,0,0,0,0,0,0,0,0,0,1,1,2,0,0,0,0,0,0,2,0,0,0,0,1,0,0,0,0,0
CO,0,0,0,0,0,0,1,0,0,0,0,0,0,0,0,0,1,0,0,0,0,1,0,0,0,0,0,0,0,0,0,0,0
FI,0,0,0,0,0,0,0,0,0,0,0,0,0,1,1,2,0,0,0,0,0,0,2,0,0,0,0,0,0,0,0,0,1
FI,0,0,0,0,0,0,0,0,0,0,1,0,0,0,1,2,0,0,0,0,0,0,3,0,0,0,0,2,0,0,0,0,0
CO,0,0,1,0,0,0,0,0,0,0,0,1,2,0,0,0,0,0,1,0,0,1,0,0,0,0,1,0,0,0,1,0,0
CO,0,1,0,0,0,0,0,0,0,0,0,1,0,0,0,0,1,0,3,1,0,1,0,0,1,0,0,0,0,0,0,0,0
FI,0,0,0,0,0,0,0,0,0,0,1,0,0,0,4,3,0,0,0,0,0,0,5,1,0,0,0,0,0,0,0,0,1
CO,0,0,0,0,0,0,0,0,0,0,0,0,2,0,0,0,3,0,0,0,1,0,0,0,0,0,0,0,0,0,0,0,0
CO,0,0,0,0,0,0,0,0,0,1,0,2,0,0,0,0,0,0,2,0,0,0,0,0,1,0,0,0,0,0,0,0,0
FI,0,0,0,0,0,0,0,0,0,0,0,0,0,0,1,1,0,0,0,0,0,0,1,0,0,0,0,0,0,0,0,0,0
CO,0,0,1,0,0,0,0,0,0,0,0,1,0,0,0,0,0,0,0,0,2,1,0,0,0,0,0,0,0,0,0,0,0
FI,0,0,0,0,0,0,0,0,0,0,0,0,0,1,6,8,0,0,0,0,0,0,8,0,0,0,0,1,0,0,0,0,1
CO,0,1,0,0,0,0,0,0,1,0,0,1,0,0,0,1,0,0,0,0,0,0,0,0,1,0,0,0,0,0,0,0,0
CO,0,0,1,0,0,0,0,0,2,0,0,3,2,0,0,0,1,0,0,0,1,0,0,0,2,0,0,0,0,0,0,0,0
CO,0,0,0,0,0,0,0,0,0,0,0,0,0,0,0,0,1,0,1,0,0,0,0,0,0,0,1,0,0,0,0,0,0
CO,0,0,0,0,0,0,0,0,0,0,0,0,0,0,0,0,0,0,1,0,0,0,0,0,0,0,2,0,0,0,0,0,0
FI,0,0,0,0,0,0,0,0,0,0,0,0,0,0,1,3,0,0,0,0,0,0,1,0,0,0,2,0,0,0,0,0,0
CO,0,0,0,0,0,0,0,0,0,0,0,0,0,0,0,0,2,0,1,0,1,0,0,0,2,0,0,0,0,1,0,0,0
FI,0,0,0,0,0,0,0,0,0,0,1,0,0,0,0,0,0,0,0,0,0,0,1,0,0,0,0,1,0,0,0,0,0
CO,0,0,0,0,0,0,0,0,0,0,0,2,2,0,0,0,0,0,0,0,2,0,0,0,0,0,0,0,0,0,0,0,0
CO,0,0,1,0,0,0,1,0,0,0,0,0,0,0,0,0,0,0,0,0,1,0,0,0,0,0,0,0,0,0,1,0,0
CO,0,0,0,0,2,0,0,0,0,0,0,0,1,0,0,0,1,0,0,0,1,0,0,0,0,0,0,0,0,0,1,0,0
CO,0,0,0,0,0,0,0,0,0,0,0,1,0,0,0,0,0,0,0,0,0,1,0,0,1,0,0,0,0,0,0,0,0
FI,0,0,0,0,0,0,0,0,0,0,0,0,0,1,3,4,0,0,0,0,0,0,5,1,0,0,0,1,0,0,0,0,1
CO,0,0,2,0,0,0,0,0,2,0,0,0,0,0,0,0,0,0,0,0,2,0,0,0,0,0,0,0,0,1,0,0,0
CO,0,0,2,0,0,0,0,0,0,0,0,1,0,0,0,0,2,0,1,0,0,0,0,0,1,0,0,0,1,0,0,0,0
CO,0,0,3,0,0,0,0,0,0,0,0,0,0,0,0,1,0,0,2,4,3,2,0,0,0,0,0,0,1,0,0,0,0
FI,0,0,0,2,0,2,0,0,0,0,0,0,0,0,1,1,0,0,0,0,0,0,1,0,0,2,0,0,0,0,0,0,0
FI,0,0,0,0,0,0,0,0,0,0,0,0,0,0,1,1,0,0,0,0,0,0,1,0,0,0,0,0,0,0,0,0,0
CO,0,0,2,0,0,0,0,0,1,0,0,4,3,0,0,0,1,0,0,0,0,2,0,0,2,0,0,0,0,0,0,0,0
CO,0,0,0,0,0,0,0,0,0,0,0,1,0,0,0,2,0,0,0,0,0,2,0,0,0,0,0,0,0,0,1,1,0
CO,0,1,0,0,0,0,0,0,0,0,0,0,0,0,0,0,0,0,0,0,0,0,0,1,0,0,0,0,0,0,0,0,0
CO,0,0,0,0,0,0,0,0,1,0,0,0,1,0,0,0,0,0,0,0,0,1,0,0,0,0,0,0,0,0,0,0,0
CO,0,0,0,0,0,0,0,0,0,0,0,0,0,0,0,0,0,0,1,4,0,0,0,0,0,0,0,0,0,0,0,0,0
CO,0,0,0,0,0,0,0,0,0,0,0,0,0,0,0,2,0,3,1,0,0,1,0,0,0,0,2,0,0,0,0,0,0
CO,0,1,1,0,1,0,0,0,1,0,1,4,4,0,1,0,2,0,0,0,2,2,1,0,2,0,0,0,0,0,3,0,0
CO,0,2,0,0,0,0,1,0,0,1,0,0,0,0,0,1,0,1,1,0,1,0,0,0,1,0,2,0,0,0,0,0,0
MI,0,0,3,0,0,0,0,0,0,0,0,6,6,0,0,0,2,0,4,1,0,2,0,0,2,0,1,0,4,0,0,5,0
FI,0,0,0,0,0,0,0,0,0,0,0,0,0,3,3,2,0,0,0,0,0,0,3,1,0,0,0,0,0,0,0,0,0
CO,0,0,0,0,2,0,1,0,0,0,0,0,0,0,0,0,1,0,0,0,0,1,0,0,0,0,0,0,0,0,0,0,0
