,Conflicts,Conflict_Wait,Conflict_Path,Waiting_Gate,Articles,Moving_Steps
0,0,0,0,0,0,11
1,0,0,0,0,0,22
2,0,0,0,0,0,33
3,0,0,0,0,0,44
4,2,0,2,0,0,55
5,2,0,2,0,0,66
6,4,2,2,0,0,73
7,5,3,2,0,0,83
8,6,4,2,0,0,91
9,8,5,3,0,0,101
10,8,5,3,0,0,112
11,9,6,3,0,0,121
12,10,7,3,0,0,131
13,11,8,3,0,0,141
14,12,9,3,0,0,150
15,12,9,3,0,0,161
16,13,10,3,0,0,170
17,14,11,3,0,0,180
18,14,11,3,0,0,191
19,14,11,3,0,0,201
20,14,11,3,0,0,212
21,14,11,3,0,0,223
22,14,11,3,0,0,234
23,14,11,3,0,0,245
24,14,11,3,0,0,255
25,14,11,3,0,0,266
26,14,11,3,0,0,276
27,14,11,3,0,0,287
28,14,11,3,0,0,298
29,14,11,3,0,0,308
30,14,11,3,0,0,319
31,14,11,3,0,0,330
32,14,11,3,0,0,341
33,14,11,3,0,0,352
34,14,11,3,0,0,363
35,14,11,3,0,0,374
36,14,11,3,0,0,385
37,14,11,3,0,0,396
38,14,11,3,0,0,407
39,14,11,3,0,0,418
40,14,11,3,0,0,429
41,14,11,3,0,0,440
42,14,11,3,0,0,450
43,14,11,3,1,1,459
44,16,12,4,2,1,468
45,18,14,4,3,1,476
46,21,16,5,4,1,484
47,23,18,5,5,1,492
48,27,21,6,6,1,499
49,31,24,7,7,1,506
50,34,27,7,8,1,513
51,38,31,7,9,1,519
52,42,35,7,10,1,525
53,46,39,7,11,1,531
54,50,43,7,12,1,537
55,54,47,7,13,1,543
56,58,51,7,14,1,549
57,62,55,7,15,2,554
58,67,59,8,16,3,559
59,73,63,10,17,3,565
60,79,67,12,18,3,571
61,86,71,15,19,3,577
62,94,76,18,20,3,582
63,102,81,21,21,4,586
64,108,86,22,22,4,591
65,115,91,24,23,4,596
66,123,96,27,24,4,601
67,129,101,28,25,4,606
68,134,106,28,26,4,611
69,141,112,29,27,4,615
70,147,118,29,28,4,619
71,153,124,29,29,4,623
72,159,130,29,30,4,627
73,165,136,29,31,4,631
74,171,142,29,32,4,635
75,177,148,29,33,4,639
76,183,154,29,34,4,643
77,189,160,29,35,4,647
78,195,166,29,36,4,651
79,201,172,29,37,4,655
80,207,178,29,38,4,659
81,213,184,29,39,4,662
82,220,190,30,40,4,666
83,226,196,30,41,4,670
84,232,202,30,42,4,673
85,238,208,30,43,4,677
86,244,214,30,44,4,681
87,250,220,30,45,4,685
88,256,226,30,46,4,689
89,262,232,30,47,4,693
90,268,238,30,48,4,697
91,274,244,30,49,4,701
92,280,250,30,50,4,705
93,286,256,30,51,4,709
94,292,262,30,52,4,713
95,298,268,30,53,4,717
96,304,274,30,54,4,720
97,310,280,30,55,4,724
98,316,286,30,56,4,728
99,322,292,30,57,4,732
100,329,298,31,58,5,735
101,336,304,32,59,5,739
102,343,310,33,60,5,742
103,350,316,34,61,5,746
104,357,322,35,62,5,750
105,363,328,35,63,6,753
106,369,334,35,64,6,757
107,375,340,35,65,6,761
108,381,346,35,66,6,765
109,387,352,35,67,6,769
110,393,358,35,68,6,773
111,399,364,35,69,6,777
112,405,370,35,70,6,781
113,411,376,35,71,6,785
114,417,382,35,72,6,789
115,423,388,35,73,6,793
116,429,394,35,74,6,797
117,435,400,35,75,6,801
118,441,406,35,76,6,805
119,447,412,35,77,6,809
120,453,418,35,78,6,813
121,459,424,35,79,6,817
122,465,430,35,80,6,821
123,471,436,35,81,6,825
124,477,442,35,82,6,829
125,483,448,35,83,6,833
126,489,454,35,84,6,837
127,495,460,35,85,6,841
128,501,466,35,86,6,845
129,507,472,35,87,6,849
130,513,478,35,88,6,853
131,519,484,35,89,6,856
132,525,490,35,90,6,860
133,531,496,35,91,6,864
134,537,502,35,92,6,868
135,544,508,36,93,6,872
136,550,514,36,94,6,876
137,556,520,36,95,6,880
138,562,526,36,96,6,884
139,568,532,36,97,6,888
140,574,538,36,98,6,892
141,580,544,36,99,7,895
142,586,550,36,100,7,899
143,592,556,36,101,7,903
144,598,562,36,102,7,907
145,604,568,36,103,7,911
146,610,574,36,104,7,914
147,616,580,36,105,7,918
148,622,586,36,106,7,922
149,628,592,36,107,8,925
150,634,598,36,108,8,929
151,640,604,36,109,8,933
152,646,610,36,110,8,937
153,652,616,36,111,8,941
154,658,622,36,112,8,945
155,664,628,36,113,8,949
156,670,634,36,114,8,953
157,676,640,36,115,8,957
158,682,646,36,116,8,961
159,688,652,36,117,8,965
160,694,658,36,118,8,969
161,700,664,36,119,8,973
162,706,670,36,120,9,976
163,712,676,36,121,9,980
164,719,682,37,122,9,984
165,726,688,38,123,9,988
166,733,694,39,124,9,991
167,739,700,39,125,9,995
168,745,706,39,126,9,999
169,751,712,39,127,9,1003
170,757,718,39,128,9,1007
171,763,724,39,129,9,1011
172,769,730,39,130,9,1015
173,775,736,39,131,9,1019
174,781,742,39,132,9,1023
175,787,748,39,133,9,1027
176,793,754,39,134,9,1031
177,799,760,39,135,9,1035
178,805,766,39,136,9,1039
179,811,772,39,137,9,1043
180,817,778,39,138,9,1047
181,823,784,39,139,9,1050
182,829,790,39,140,9,1054
183,835,796,39,141,9,1058
184,842,802,40,142,9,1062
185,848,808,40,143,9,1065
186,855,814,41,144,9,1069
187,861,820,41,145,9,1073
188,867,826,41,146,10,1076
189,873,832,41,147,10,1080
190,879,838,41,148,10,1084
191,885,844,41,149,10,1088
192,891,850,41,150,11,1091
193,897,856,41,151,11,1095
194,903,862,41,152,11,1099
195,909,868,41,153,11,1103
196,915,874,41,154,11,1107
197,921,880,41,155,11,1111
198,927,886,41,156,11,1115
199,934,893,41,157,11,1118
200,940,899,41,158,11,1122
201,946,905,41,159,12,1125
202,952,911,41,160,12,1129
203,958,917,41,161,12,1133
204,964,923,41,162,12,1137
205,970,929,41,163,12,1141
206,976,935,41,164,12,1145
207,982,941,41,165,12,1149
208,988,947,41,166,12,1153
209,994,953,41,167,12,1157
210,1000,959,41,168,12,1161
211,1006,965,41,169,12,1165
212,1012,971,41,170,12,1169
213,1018,977,41,171,12,1173
214,1024,983,41,172,12,1177
215,1030,989,41,173,12,1180
216,1036,995,41,174,12,1184
217,1042,1001,41,175,12,1188
218,1048,1007,41,176,12,1192
219,1054,1013,41,177,12,1196
220,1060,1019,41,178,12,1200
221,1066,1025,41,179,13,1203
222,1072,1031,41,180,13,1207
223,1078,1037,41,181,13,1211
224,1084,1043,41,182,13,1215
225,1090,1049,41,183,13,1219
226,1096,1055,41,184,13,1223
227,1102,1061,41,185,13,1227
228,1108,1067,41,186,13,1231
229,1114,1073,41,187,13,1235
230,1120,1079,41,188,13,1239
231,1126,1085,41,189,13,1243
232,1132,1091,41,190,13,1247
233,1138,1097,41,191,13,1251
234,1144,1103,41,192,13,1255
235,1150,1109,41,193,13,1259
236,1156,1115,41,194,13,1263
237,1162,1121,41,195,13,1267
238,1168,1127,41,196,13,1271
239,1175,1133,42,197,13,1275
240,1181,1139,42,198,13,1278
241,1187,1145,42,199,13,1282
242,1193,1151,42,200,13,1286
243,1199,1157,42,201,14,1289
244,1205,1163,42,202,14,1293
245,1211,1169,42,203,14,1297
246,1217,1175,42,204,14,1301
247,1223,1181,42,205,14,1305
248,1229,1187,42,206,14,1309
249,1235,1193,42,207,14,1313
250,1241,1199,42,208,14,1316
251,1247,1205,42,209,14,1320
252,1253,1211,42,210,14,1324
253,1259,1217,42,211,14,1328
254,1265,1223,42,212,14,1332
255,1271,1229,42,213,14,1336
256,1277,1235,42,214,14,1340
257,1283,1241,42,215,14,1344
258,1289,1247,42,216,14,1348
259,1295,1253,42,217,14,1352
260,1301,1259,42,218,14,1356
261,1307,1265,42,219,14,1360
262,1313,1271,42,220,14,1364
263,1319,1277,42,221,14,1368
264,1325,1283,42,222,14,1372
265,1331,1289,42,223,14,1376
266,1337,1295,42,224,14,1380
267,1343,1301,42,225,14,1384
268,1349,1307,42,226,14,1388
269,1355,1313,42,227,14,1392
270,1361,1319,42,228,14,1395
271,1367,1325,42,229,14,1399
272,1373,1331,42,230,14,1403
273,1379,1337,42,231,14,1406
274,1385,1343,42,232,14,1410
275,1391,1349,42,233,14,1414
276,1397,1355,42,234,14,1418
277,1403,1361,42,235,14,1422
278,1409,1367,42,236,14,1426
279,1415,1373,42,237,15,1429
280,1421,1379,42,238,15,1433
281,1427,1385,42,239,15,1437
282,1433,1391,42,240,15,1441
283,1439,1397,42,241,15,1445
284,1445,1403,42,242,15,1449
285,1451,1409,42,243,15,1453
286,1457,1415,42,244,15,1457
287,1463,1421,42,245,15,1461
288,1469,1427,42,246,15,1465
289,1475,1433,42,247,15,1469
290,1481,1439,42,248,15,1473
291,1487,1445,42,249,15,1477
292,1493,1451,42,250,15,1481
293,1499,1457,42,251,15,1485
294,1506,1463,43,252,15,1489
295,1512,1469,43,253,15,1493
296,1518,1475,43,254,15,1497
297,1524,1481,43,255,15,1501
298,1530,1487,43,256,16,1504
299,1536,1493,43,257,16,1508
300,1542,1499,43,258,16,1512
301,1548,1505,43,259,16,1516
302,1554,1511,43,260,16,1520
303,1561,1517,44,261,16,1524
304,1567,1523,44,262,16,1528
305,1573,1529,44,263,16,1532
306,1579,1535,44,264,16,1536
307,1585,1541,44,265,16,1540
308,1591,1547,44,266,16,1544
309,1597,1553,44,267,17,1546
310,1603,1559,44,268,17,1550
311,1609,1565,44,269,17,1554
312,1616,1571,45,270,17,1558
313,1622,1577,45,271,17,1562
314,1628,1583,45,272,17,1566
315,1634,1589,45,273,17,1570
316,1640,1595,45,274,17,1574
317,1646,1601,45,275,17,1578
318,1652,1607,45,276,17,1582
319,1658,1613,45,277,17,1586
320,1664,1619,45,278,17,1590
321,1670,1625,45,279,17,1594
322,1676,1631,45,280,17,1598
323,1682,1637,45,281,17,1602
324,1688,1643,45,282,17,1606
325,1694,1649,45,283,18,1609
326,1700,1655,45,284,18,1612
327,1706,1661,45,285,18,1616
328,1712,1667,45,286,18,1620
329,1718,1673,45,287,18,1624
330,1724,1679,45,288,18,1628
331,1730,1685,45,289,18,1632
332,1736,1691,45,290,18,1636
333,1742,1697,45,291,18,1640
334,1748,1703,45,292,18,1644
335,1754,1709,45,293,18,1648
336,1760,1715,45,294,18,1652
337,1766,1721,45,295,18,1656
338,1772,1727,45,296,18,1660
339,1778,1733,45,297,19,1663
340,1784,1739,45,298,19,1667
341,1790,1745,45,299,19,1671
342,1796,1751,45,300,19,1675
343,1802,1757,45,301,19,1679
344,1808,1763,45,302,19,1683
345,1814,1769,45,303,19,1687
346,1820,1775,45,304,19,1691
347,1826,1781,45,305,19,1695
348,1832,1787,45,306,19,1699
349,1838,1793,45,307,19,1703
350,1845,1799,46,308,19,1707
351,1851,1805,46,309,19,1711
352,1857,1811,46,310,19,1715
353,1863,1817,46,311,19,1719
354,1869,1823,46,312,20,1722
355,1875,1829,46,313,20,1726
356,1881,1835,46,314,20,1730
357,1888,1841,47,315,20,1734
358,1895,1847,48,316,20,1738
359,1901,1853,48,317,20,1742
360,1907,1859,48,318,20,1746
361,1913,1865,48,319,20,1750
362,1919,1871,48,320,20,1754
363,1925,1877,48,321,20,1758
364,1931,1883,48,322,20,1762
365,1937,1889,48,323,20,1766
366,1943,1895,48,324,20,1770
367,1949,1901,48,325,20,1773
368,1955,1907,48,326,20,1777
369,1961,1913,48,327,20,1780
370,1967,1919,48,328,20,1784
371,1973,1925,48,329,20,1788
372,1979,1931,48,330,20,1792
373,1985,1937,48,331,20,1796
374,1991,1943,48,332,20,1800
375,1997,1949,48,333,20,1804
376,2003,1955,48,334,20,1808
377,2009,1961,48,335,20,1811
378,2015,1967,48,336,20,1815
379,2021,1973,48,337,20,1818
380,2027,1979,48,338,20,1822
381,2033,1985,48,339,20,1826
382,2039,1991,48,340,20,1830
383,2045,1997,48,341,20,1834
384,2051,2003,48,342,20,1838
385,2057,2009,48,343,20,1842
386,2063,2015,48,344,20,1846
387,2069,2021,48,345,20,1850
388,2075,2027,48,346,20,1854
389,2081,2033,48,347,20,1858
390,2087,2039,48,348,20,1862
391,2093,2045,48,349,20,1866
392,2099,2051,48,350,20,1870
393,2105,2057,48,351,20,1874
394,2111,2063,48,352,20,1878
395,2117,2069,48,353,20,1882
396,2123,2075,48,354,20,1886
397,2129,2081,48,355,20,1890
398,2135,2087,48,356,20,1894
399,2141,2093,48,357,21,1897
400,2147,2099,48,358,21,1901
401,2153,2105,48,359,21,1905
402,2159,2111,48,360,21,1909
403,2165,2117,48,361,21,1913
404,2171,2123,48,362,22,1916
405,2177,2129,48,363,22,1920
406,2183,2135,48,364,22,1924
407,2190,2141,49,365,22,1928
408,2197,2147,50,366,22,1932
409,2203,2153,50,367,22,1936
410,2209,2159,50,368,22,1940
411,2215,2165,50,369,22,1944
412,2221,2171,50,370,22,1948
413,2227,2177,50,371,22,1952
414,2233,2183,50,372,22,1956
415,2239,2189,50,373,22,1960
416,2245,2195,50,374,22,1964
417,2251,2201,50,375,22,1968
418,2257,2207,50,376,22,1972
419,2263,2213,50,377,22,1976
420,2270,2219,51,378,22,1980
421,2276,2225,51,379,22,1984
422,2282,2231,51,380,22,1988
423,2288,2237,51,381,22,1992
424,2294,2243,51,382,22,1996
425,2300,2249,51,383,22,2000
426,2306,2255,51,384,23,2003
427,2312,2261,51,385,23,2007
428,2318,2267,51,386,23,2011
429,2324,2273,51,387,24,2012
430,2331,2279,52,388,24,2016
431,2338,2285,53,389,24,2020
432,2344,2291,53,390,24,2024
433,2351,2297,54,391,24,2028
434,2357,2303,54,392,24,2032
435,2363,2309,54,393,24,2036
436,2369,2315,54,394,24,2040
437,2375,2321,54,395,24,2044
438,2381,2327,54,396,24,2048
439,2387,2333,54,397,24,2052
440,2393,2339,54,398,24,2056
441,2399,2345,54,399,24,2060
442,2405,2351,54,400,24,2064
443,2411,2357,54,401,24,2068
444,2417,2363,54,402,24,2072
445,2423,2369,54,403,24,2076
446,2429,2375,54,404,24,2080
447,2435,2381,54,405,24,2084
448,2441,2387,54,406,24,2088
449,2447,2393,54,407,24,2092
450,2453,2399,54,408,24,2096
451,2459,2405,54,409,24,2100
452,2465,2411,54,410,24,2104
453,2471,2417,54,411,24,2108
454,2477,2423,54,412,25,2111
455,2483,2429,54,413,25,2115
456,2489,2435,54,414,25,2119
457,2496,2441,55,415,25,2123
458,2503,2447,56,416,25,2127
459,2509,2453,56,417,26,2130
460,2515,2459,56,418,26,2133
461,2521,2465,56,419,26,2136
462,2527,2471,56,420,26,2140
463,2533,2477,56,421,26,2144
464,2539,2483,56,422,26,2148
465,2545,2489,56,423,26,2152
466,2551,2495,56,424,26,2156
467,2557,2501,56,425,26,2160
468,2563,2507,56,426,26,2164
469,2569,2513,56,427,26,2168
470,2575,2519,56,428,26,2172
471,2581,2525,56,429,26,2176
472,2587,2531,56,430,26,2180
473,2593,2537,56,431,26,2184
474,2599,2543,56,432,26,2188
475,2606,2549,57,433,26,2192
476,2612,2555,57,434,26,2196
477,2618,2561,57,435,26,2200
478,2624,2567,57,436,26,2204
479,2630,2573,57,437,26,2207
480,2636,2579,57,438,26,2211
481,2642,2585,57,439,26,2215
482,2648,2591,57,440,26,2219
483,2654,2597,57,441,26,2223
484,2660,2603,57,442,26,2226
485,2666,2609,57,443,26,2230
486,2672,2615,57,444,26,2234
487,2679,2621,58,445,26,2238
488,2685,2627,58,446,26,2242
489,2691,2633,58,447,26,2246
490,2697,2639,58,448,26,2250
491,2703,2645,58,449,26,2254
492,2709,2651,58,450,26,2258
493,2715,2657,58,451,28,2260
494,2721,2663,58,452,28,2264
495,2727,2669,58,453,28,2268
496,2734,2675,59,454,28,2272
497,2742,2681,61,455,28,2276
498,2749,2687,62,456,28,2280
499,2755,2693,62,457,28,2284
500,2763,2699,64,458,28,2288
501,2770,2705,65,459,28,2292
502,2776,2711,65,460,28,2296
503,2782,2717,65,461,28,2300
504,2788,2723,65,462,29,2303
505,2794,2729,65,463,29,2307
506,2800,2735,65,464,29,2311
507,2807,2741,66,465,29,2315
508,2814,2747,67,466,29,2319
509,2820,2753,67,467,30,2322
510,2826,2759,67,468,30,2326
511,2832,2765,67,469,30,2330
512,2838,2771,67,470,30,2334
513,2844,2777,67,471,30,2338
514,2850,2783,67,472,30,2342
515,2856,2789,67,473,30,2346
516,2862,2795,67,474,30,2350
517,2868,2801,67,475,30,2354
518,2874,2807,67,476,30,2358
519,2880,2813,67,477,30,2362
520,2886,2819,67,478,30,2366
521,2892,2825,67,479,30,2370
522,2898,2831,67,480,30,2374
523,2904,2837,67,481,30,2378
524,2910,2843,67,482,30,2382
525,2916,2849,67,483,30,2386
526,2922,2855,67,484,30,2390
527,2928,2861,67,485,30,2393
528,2934,2867,67,486,30,2397
529,2940,2873,67,487,30,2400
530,2946,2879,67,488,30,2404
531,2952,2885,67,489,30,2408
532,2958,2891,67,490,30,2412
533,2964,2897,67,491,30,2415
534,2970,2903,67,492,30,2419
535,2976,2909,67,493,30,2423
536,2982,2915,67,494,30,2427
537,2988,2921,67,495,30,2431
538,2994,2927,67,496,30,2435
539,3000,2933,67,497,30,2439
540,3006,2939,67,498,30,2443
541,3012,2945,67,499,30,2447
542,3018,2951,67,500,30,2451
543,3024,2957,67,501,30,2455
544,3030,2963,67,502,30,2459
545,3036,2969,67,503,30,2463
546,3042,2975,67,504,30,2467
547,3048,2981,67,505,30,2471
548,3054,2987,67,506,30,2475
549,3060,2993,67,507,30,2479
550,3066,2999,67,508,30,2483
551,3072,3005,67,509,30,2487
552,3078,3011,67,510,30,2491
553,3084,3017,67,511,30,2495
554,3091,3023,68,512,31,2498
555,3097,3029,68,513,31,2502
556,3103,3035,68,514,31,2506
557,3110,3041,69,515,31,2510
558,3116,3047,69,516,31,2514
559,3122,3053,69,517,31,2518
560,3129,3059,70,518,32,2520
561,3135,3065,70,519,32,2524
562,3141,3071,70,520,32,2528
563,3147,3077,70,521,32,2532
564,3153,3083,70,522,32,2536
565,3160,3089,71,523,32,2540
566,3167,3095,72,524,32,2544
567,3174,3101,73,525,32,2548
568,3180,3107,73,526,32,2552
569,3186,3113,73,527,32,2556
570,3192,3119,73,528,33,2559
571,3198,3125,73,529,33,2563
572,3204,3131,73,530,33,2567
573,3211,3137,74,531,33,2571
574,3217,3143,74,532,33,2575
575,3224,3149,75,533,33,2579
576,3230,3155,75,534,33,2583
577,3237,3161,76,535,33,2587
578,3243,3167,76,536,33,2591
579,3249,3173,76,537,33,2595
580,3255,3179,76,538,33,2598
581,3261,3185,76,539,33,2602
582,3267,3191,76,540,33,2606
583,3273,3197,76,541,33,2610
584,3279,3203,76,542,33,2614
585,3285,3209,76,543,33,2618
586,3291,3215,76,544,33,2622
587,3297,3221,76,545,33,2626
588,3303,3227,76,546,33,2630
589,3309,3233,76,547,33,2634
590,3315,3239,76,548,33,2638
591,3321,3245,76,549,33,2642
592,3327,3251,76,550,33,2646
593,3333,3257,76,551,33,2650
594,3339,3263,76,552,33,2654
595,3345,3269,76,553,33,2658
596,3351,3275,76,554,33,2662
597,3357,3281,76,555,33,2666
598,3363,3287,76,556,33,2670
599,3369,3293,76,557,33,2674
600,3375,3299,76,558,33,2678
601,3381,3305,76,559,33,2682
602,3387,3311,76,560,33,2686
603,3393,3317,76,561,33,2690
604,3399,3323,76,562,33,2694
605,3405,3329,76,563,34,2696
606,3411,3335,76,564,34,2700
607,3417,3341,76,565,34,2704
608,3423,3347,76,566,34,2708
609,3430,3353,77,567,34,2711
610,3436,3359,77,568,34,2715
611,3442,3365,77,569,34,2719
612,3448,3371,77,570,35,2722
613,3454,3377,77,571,35,2726
614,3460,3383,77,572,35,2730
615,3466,3389,77,573,35,2734
616,3472,3395,77,574,35,2738
617,3478,3401,77,575,35,2742
618,3484,3407,77,576,35,2746
619,3490,3413,77,577,35,2750
620,3496,3419,77,578,35,2754
621,3502,3425,77,579,35,2758
622,3508,3431,77,580,35,2762
623,3514,3437,77,581,35,2766
624,3520,3443,77,582,35,2770
625,3526,3449,77,583,35,2774
626,3532,3455,77,584,35,2777
627,3538,3461,77,585,35,2781
628,3545,3467,78,586,35,2785
629,3551,3473,78,587,35,2789
630,3557,3479,78,588,35,2793
631,3563,3485,78,589,35,2796
632,3570,3491,79,590,35,2800
633,3576,3497,79,591,35,2804
634,3582,3503,79,592,35,2808
635,3588,3509,79,593,35,2812
636,3594,3515,79,594,35,2816
637,3600,3521,79,595,35,2820
638,3606,3527,79,596,35,2824
639,3612,3533,79,597,35,2828
640,3618,3539,79,598,35,2832
641,3625,3545,80,599,35,2836
642,3632,3551,81,600,35,2840
643,3639,3557,82,601,35,2844
644,3645,3563,82,602,35,2848
645,3653,3569,84,603,35,2852
646,3659,3575,84,604,36,2855
647,3666,3581,85,605,36,2859
648,3672,3587,85,606,36,2863
649,3679,3593,86,607,37,2866
650,3685,3599,86,608,38,2869
651,3692,3605,87,609,39,2872
652,3699,3611,88,610,39,2876
653,3707,3617,90,611,39,2880
654,3713,3623,90,612,39,2884
655,3719,3629,90,613,39,2888
656,3725,3635,90,614,39,2892
657,3731,3641,90,615,39,2896
658,3737,3647,90,616,39,2900
659,3743,3653,90,617,39,2904
660,3749,3659,90,618,39,2908
661,3755,3665,90,619,39,2912
662,3761,3671,90,620,39,2916
663,3767,3677,90,621,39,2920
664,3773,3683,90,622,39,2924
665,3779,3689,90,623,39,2928
666,3785,3695,90,624,39,2932
667,3791,3701,90,625,39,2936
668,3797,3707,90,626,39,2940
669,3803,3713,90,627,39,2943
670,3809,3719,90,628,39,2947
671,3815,3725,90,629,39,2951
672,3821,3731,90,630,39,2955
673,3827,3737,90,631,39,2959
674,3833,3743,90,632,39,2963
675,3839,3749,90,633,39,2967
676,3845,3755,90,634,39,2971
677,3851,3761,90,635,39,2975
678,3857,3767,90,636,39,2979
679,3863,3773,90,637,39,2982
680,3869,3779,90,638,39,2986
681,3875,3785,90,639,39,2990
682,3881,3791,90,640,39,2994
683,3887,3797,90,641,39,2998
684,3893,3803,90,642,39,3002
685,3899,3809,90,643,39,3006
686,3905,3815,90,644,39,3009
687,3911,3821,90,645,39,3012
688,3917,3827,90,646,40,3015
689,3923,3833,90,647,40,3019
690,3929,3839,90,648,40,3023
691,3935,3845,90,649,40,3027
692,3941,3851,90,650,40,3031
693,3947,3857,90,651,40,3035
694,3953,3863,90,652,40,3039
695,3959,3869,90,653,40,3043
696,3965,3875,90,654,40,3047
697,3971,3881,90,655,40,3051
698,3977,3887,90,656,40,3055
699,3983,3893,90,657,40,3059
700,3989,3899,90,658,40,3063
701,3995,3905,90,659,40,3067
702,4001,3911,90,660,40,3071
703,4007,3917,90,661,40,3075
704,4013,3923,90,662,40,3079
705,4019,3929,90,663,40,3083
706,4025,3935,90,664,40,3087
707,4031,3941,90,665,40,3091
708,4037,3947,90,666,40,3095
709,4043,3953,90,667,40,3099
710,4049,3959,90,668,41,3102
711,4055,3965,90,669,41,3106
712,4061,3971,90,670,41,3110
713,4067,3977,90,671,41,3114
714,4073,3983,90,672,41,3118
715,4079,3989,90,673,41,3122
716,4086,3995,91,674,41,3126
717,4093,4001,92,675,41,3130
718,4100,4007,93,676,41,3134
719,4108,4013,95,677,41,3137
720,4115,4019,96,678,41,3141
721,4121,4025,96,679,41,3145
722,4127,4031,96,680,41,3149
723,4133,4037,96,681,41,3153
724,4139,4043,96,682,42,3156
725,4145,4049,96,683,43,3159
726,4151,4055,96,684,43,3163
727,4157,4061,96,685,43,3167
728,4163,4067,96,686,43,3171
729,4169,4073,96,687,43,3175
730,4175,4079,96,688,43,3179
731,4181,4085,96,689,43,3183
732,4187,4091,96,690,43,3187
733,4193,4097,96,691,43,3191
734,4199,4103,96,692,43,3195
735,4205,4109,96,693,43,3199
736,4211,4115,96,694,43,3203
737,4217,4121,96,695,43,3207
738,4223,4127,96,696,43,3211
739,4229,4133,96,697,43,3215
740,4236,4139,97,698,43,3219
741,4242,4145,97,699,43,3223
742,4248,4151,97,700,43,3227
743,4254,4157,97,701,43,3231
744,4260,4163,97,702,43,3235
745,4266,4169,97,703,43,3239
746,4272,4175,97,704,43,3243
747,4278,4181,97,705,43,3247
748,4284,4187,97,706,43,3251
749,4290,4193,97,707,43,3255
750,4296,4199,97,708,44,3258
751,4302,4205,97,709,44,3262
752,4309,4211,98,710,44,3266
753,4316,4217,99,711,44,3270
754,4323,4223,100,712,44,3274
755,4329,4229,100,713,44,3278
756,4335,4235,100,714,44,3282
757,4341,4241,100,715,44,3284
758,4347,4247,100,716,44,3288
759,4353,4253,100,717,44,3292
760,4359,4259,100,718,44,3296
761,4365,4265,100,719,44,3300
762,4371,4271,100,720,44,3304
763,4377,4277,100,721,44,3308
764,4384,4283,101,722,44,3312
765,4390,4289,101,723,44,3316
766,4396,4295,101,724,44,3320
767,4402,4301,101,725,44,3324
768,4408,4307,101,726,44,3328
769,4414,4313,101,727,44,3332
770,4420,4319,101,728,44,3336
771,4426,4325,101,729,44,3340
772,4432,4331,101,730,44,3343
773,4438,4337,101,731,44,3347
774,4444,4343,101,732,44,3351
775,4450,4349,101,733,44,3355
776,4456,4355,101,734,44,3359
777,4462,4361,101,735,44,3363
778,4468,4367,101,736,44,3367
779,4474,4373,101,737,44,3371
780,4480,4379,101,738,44,3375
781,4486,4385,101,739,44,3378
782,4492,4391,101,740,44,3382
783,4499,4397,102,741,44,3386
784,4505,4403,102,742,44,3390
785,4511,4409,102,743,44,3394
786,4517,4415,102,744,44,3398
787,4523,4421,102,745,44,3402
788,4529,4427,102,746,44,3406
789,4535,4433,102,747,45,3409
790,4541,4439,102,748,45,3413
791,4547,4445,102,749,45,3417
792,4553,4451,102,750,45,3421
793,4559,4457,102,751,45,3425
794,4565,4463,102,752,45,3429
795,4571,4469,102,753,45,3433
796,4577,4475,102,754,45,3437
797,4583,4481,102,755,45,3441
798,4589,4487,102,756,45,3445
799,4595,4493,102,757,45,3449
800,4601,4499,102,758,45,3453
801,4607,4505,102,759,45,3457
802,4613,4511,102,760,45,3461
803,4619,4517,102,761,45,3465
804,4625,4523,102,762,46,3468
805,4631,4529,102,763,46,3472
806,4637,4535,102,764,46,3476
807,4643,4541,102,765,46,3480
808,4649,4547,102,766,46,3484
809,4655,4553,102,767,46,3488
810,4661,4559,102,768,46,3492
811,4667,4565,102,769,46,3496
812,4673,4571,102,770,47,3499
813,4679,4577,102,771,47,3503
814,4686,4583,103,772,47,3507
815,4693,4589,104,773,47,3511
816,4700,4595,105,774,47,3515
817,4707,4601,106,775,47,3519
818,4713,4607,106,776,47,3523
819,4719,4613,106,777,47,3527
820,4725,4619,106,778,47,3530
821,4731,4625,106,779,48,3533
822,4737,4631,106,780,48,3537
823,4743,4637,106,781,48,3541
824,4750,4643,107,782,48,3545
825,4757,4649,108,783,48,3549
826,4763,4655,108,784,48,3553
827,4769,4661,108,785,48,3557
828,4775,4667,108,786,48,3561
829,4781,4673,108,787,48,3565
830,4787,4679,108,788,48,3569
831,4793,4685,108,789,48,3573
832,4799,4691,108,790,48,3577
833,4805,4697,108,791,48,3581
834,4811,4703,108,792,48,3585
835,4817,4709,108,793,48,3589
836,4823,4715,108,794,48,3593
837,4829,4721,108,795,48,3597
838,4835,4727,108,796,48,3601
839,4841,4733,108,797,48,3605
840,4847,4739,108,798,48,3609
841,4853,4745,108,799,48,3613
842,4859,4751,108,800,48,3617
843,4865,4757,108,801,48,3620
844,4871,4763,108,802,48,3624
845,4877,4769,108,803,48,3628
846,4884,4775,109,804,48,3632
847,4890,4781,109,805,48,3636
848,4896,4787,109,806,48,3640
849,4902,4793,109,807,48,3644
850,4908,4799,109,808,48,3648
851,4914,4805,109,809,48,3651
852,4920,4811,109,810,49,3653
853,4926,4817,109,811,49,3657
854,4932,4823,109,812,49,3661
855,4938,4829,109,813,49,3665
856,4944,4835,109,814,49,3669
857,4950,4841,109,815,49,3673
858,4956,4847,109,816,49,3677
859,4962,4853,109,817,49,3681
860,4968,4859,109,818,49,3685
861,4974,4865,109,819,49,3689
862,4980,4871,109,820,49,3693
863,4986,4877,109,821,49,3697
864,4992,4883,109,822,49,3701
865,4998,4889,109,823,49,3705
866,5004,4895,109,824,49,3709
867,5010,4901,109,825,49,3713
868,5016,4907,109,826,49,3717
869,5022,4913,109,827,49,3721
870,5028,4919,109,828,49,3725
871,5034,4925,109,829,49,3729
872,5040,4931,109,830,49,3733
873,5046,4937,109,831,49,3737
874,5052,4943,109,832,50,3740
875,5058,4949,109,833,50,3744
876,5064,4955,109,834,50,3748
877,5070,4961,109,835,50,3752
878,5077,4967,110,836,50,3756
879,5084,4973,111,837,50,3760
880,5090,4979,111,838,50,3764
881,5096,4985,111,839,50,3768
882,5102,4991,111,840,50,3772
883,5108,4997,111,841,51,3774
884,5114,5003,111,842,51,3778
885,5120,5009,111,843,51,3782
886,5126,5015,111,844,51,3786
887,5132,5021,111,845,51,3790
888,5138,5027,111,846,51,3794
889,5144,5033,111,847,51,3798
890,5150,5039,111,848,51,3802
891,5156,5045,111,849,51,3806
892,5162,5051,111,850,51,3810
893,5168,5057,111,851,51,3814
894,5174,5063,111,852,51,3818
895,5180,5069,111,853,51,3822
896,5186,5075,111,854,51,3826
897,5192,5081,111,855,51,3830
898,5198,5087,111,856,52,3833
899,5204,5093,111,857,52,3837
900,5210,5099,111,858,52,3841
901,5216,5105,111,859,52,3845
902,5222,5111,111,860,52,3849
903,5228,5117,111,861,52,3853
904,5234,5123,111,862,52,3857
905,5240,5129,111,863,52,3861
906,5246,5135,111,864,52,3865
907,5252,5141,111,865,52,3869
908,5258,5147,111,866,52,3873
909,5265,5153,112,867,52,3877
910,5271,5159,112,868,52,3881
911,5277,5165,112,869,52,3885
912,5283,5171,112,870,52,3889
913,5289,5177,112,871,52,3893
914,5295,5183,112,872,52,3897
915,5301,5189,112,873,53,3900
916,5307,5195,112,874,53,3904
917,5313,5201,112,875,53,3908
918,5319,5207,112,876,53,3912
919,5325,5213,112,877,53,3916
920,5331,5219,112,878,53,3919
921,5337,5225,112,879,53,3923
922,5343,5231,112,880,53,3927
923,5349,5237,112,881,53,3931
924,5355,5243,112,882,53,3935
925,5361,5249,112,883,53,3939
926,5367,5255,112,884,53,3943
927,5373,5261,112,885,53,3946
928,5379,5267,112,886,53,3950
929,5385,5273,112,887,53,3954
930,5391,5279,112,888,53,3958
931,5397,5285,112,889,53,3962
932,5404,5291,113,890,53,3966
933,5410,5297,113,891,53,3970
934,5416,5303,113,892,53,3974
935,5422,5309,113,893,53,3978
936,5428,5315,113,894,53,3982
937,5434,5321,113,895,53,3986
938,5440,5327,113,896,53,3990
939,5446,5333,113,897,53,3994
940,5452,5339,113,898,53,3997
941,5458,5345,113,899,53,4001
942,5464,5351,113,900,53,4005
943,5470,5357,113,901,53,4009
944,5476,5363,113,902,53,4013
945,5482,5369,113,903,53,4016
946,5488,5375,113,904,53,4020
947,5494,5381,113,905,53,4024
948,5500,5387,113,906,53,4028
949,5506,5393,113,907,53,4032
950,5512,5399,113,908,53,4036
951,5518,5405,113,909,53,4040
952,5524,5411,113,910,53,4044
953,5530,5417,113,911,53,4048
954,5536,5423,113,912,53,4052
955,5542,5429,113,913,53,4056
956,5548,5435,113,914,53,4060
957,5554,5441,113,915,53,4064
958,5560,5447,113,916,53,4068
959,5566,5453,113,917,53,4072
960,5572,5459,113,918,53,4076
961,5578,5465,113,919,53,4080
962,5584,5471,113,920,53,4084
963,5590,5477,113,921,53,4088
964,5596,5483,113,922,53,4092
965,5602,5489,113,923,54,4095
966,5608,5495,113,924,55,4098
967,5614,5501,113,925,55,4102
968,5621,5507,114,926,55,4106
969,5627,5513,114,927,55,4110
970,5633,5519,114,928,55,4114
971,5639,5525,114,929,55,4118
972,5645,5531,114,930,56,4121
973,5651,5537,114,931,56,4125
974,5657,5543,114,932,56,4129
975,5663,5549,114,933,56,4133
976,5669,5555,114,934,56,4137
977,5675,5561,114,935,56,4141
978,5681,5567,114,936,56,4145
979,5687,5573,114,937,56,4149
980,5693,5579,114,938,56,4153
981,5699,5585,114,939,56,4157
982,5705,5591,114,940,56,4161
983,5711,5597,114,941,56,4165
984,5717,5603,114,942,56,4169
985,5723,5609,114,943,56,4173
986,5729,5615,114,944,56,4177
987,5735,5621,114,945,56,4181
988,5741,5627,114,946,56,4185
989,5747,5633,114,947,56,4189
990,5753,5639,114,948,56,4193
991,5759,5645,114,949,56,4197
992,5765,5651,114,950,57,4200
993,5771,5657,114,951,57,4204
994,5777,5663,114,952,57,4208
995,5783,5669,114,953,57,4212
996,5789,5675,114,954,57,4216
997,5795,5681,114,955,57,4220
998,5801,5687,114,956,57,4224
999,5807,5693,114,957,57,4228
1000,5813,5699,114,958,57,4232
1001,5819,5705,114,959,57,4236
1002,5825,5711,114,960,57,4240
1003,5831,5717,114,961,57,4244
1004,5837,5723,114,962,57,4248
1005,5843,5729,114,963,57,4252
1006,5849,5735,114,964,57,4256
1007,5855,5741,114,965,57,4260
1008,5861,5747,114,966,57,4264
1009,5867,5753,114,967,57,4268
1010,5873,5759,114,968,57,4272
1011,5879,5765,114,969,57,4275
1012,5885,5771,114,970,57,4278
1013,5891,5777,114,971,57,4282
1014,5897,5783,114,972,57,4286
1015,5903,5789,114,973,57,4290
1016,5909,5795,114,974,57,4294
1017,5915,5801,114,975,57,4298
1018,5921,5807,114,976,57,4302
1019,5927,5813,114,977,57,4306
1020,5933,5819,114,978,57,4310
1021,5939,5825,114,979,57,4314
1022,5945,5831,114,980,57,4316
1023,5951,5837,114,981,57,4320
1024,5957,5843,114,982,57,4324
1025,5963,5849,114,983,57,4328
1026,5969,5855,114,984,57,4332
1027,5975,5861,114,985,57,4336
1028,5981,5867,114,986,57,4340
1029,5987,5873,114,987,57,4344
1030,5993,5879,114,988,57,4348
1031,5999,5885,114,989,57,4352
1032,6005,5891,114,990,57,4356
1033,6011,5897,114,991,57,4360
1034,6017,5903,114,992,57,4364
1035,6023,5909,114,993,57,4368
1036,6029,5915,114,994,57,4372
1037,6035,5921,114,995,57,4376
1038,6041,5927,114,996,57,4380
1039,6047,5933,114,997,57,4384
1040,6053,5939,114,998,57,4388
1041,6059,5945,114,999,57,4392
1042,6065,5951,114,1000,57,4396
1043,6071,5957,114,1001,57,4400
1044,6077,5963,114,1002,57,4404
1045,6083,5969,114,1003,57,4408
1046,6089,5975,114,1004,57,4412
1047,6096,5981,115,1005,57,4416
1048,6102,5987,115,1006,57,4420
1049,6108,5993,115,1007,57,4424
1050,6114,5999,115,1008,57,4428
1051,6120,6005,115,1009,58,4431
1052,6126,6011,115,1010,59,4434
1053,6132,6017,115,1011,59,4438
1054,6139,6023,116,1012,59,4442
1055,6146,6029,117,1013,59,4446
1056,6152,6035,117,1014,59,4450
1057,6158,6041,117,1015,59,4454
1058,6164,6047,117,1016,60,4457
1059,6170,6053,117,1017,60,4461
1060,6176,6059,117,1018,60,4465
1061,6182,6065,117,1019,60,4469
1062,6188,6071,117,1020,60,4473
1063,6194,6077,117,1021,60,4477
1064,6200,6083,117,1022,60,4481
1065,6206,6089,117,1023,60,4485
1066,6212,6095,117,1024,60,4489
1067,6218,6101,117,1025,60,4493
1068,6224,6107,117,1026,60,4497
1069,6230,6113,117,1027,60,4501
1070,6236,6119,117,1028,60,4505
1071,6242,6125,117,1029,60,4509
1072,6248,6131,117,1030,60,4513
1073,6254,6137,117,1031,60,4517
1074,6261,6143,118,1032,60,4521
1075,6267,6149,118,1033,60,4525
1076,6273,6155,118,1034,60,4528
1077,6279,6161,118,1035,60,4532
1078,6285,6167,118,1036,60,4536
1079,6291,6173,118,1037,60,4540
1080,6297,6179,118,1038,61,4543
1081,6303,6185,118,1039,61,4547
1082,6309,6191,118,1040,61,4551
1083,6315,6197,118,1041,61,4555
1084,6321,6203,118,1042,61,4559
1085,6327,6209,118,1043,61,4563
1086,6333,6215,118,1044,61,4567
1087,6339,6221,118,1045,61,4571
1088,6345,6227,118,1046,61,4575
1089,6351,6233,118,1047,61,4579
1090,6357,6239,118,1048,61,4583
1091,6363,6245,118,1049,61,4587
1092,6369,6251,118,1050,61,4591
1093,6375,6257,118,1051,61,4595
1094,6381,6263,118,1052,61,4599
1095,6387,6269,118,1053,61,4602
1096,6393,6275,118,1054,61,4606
1097,6399,6281,118,1055,61,4610
1098,6406,6287,119,1056,61,4614
1099,6412,6293,119,1057,61,4618
1100,6418,6299,119,1058,61,4622
1101,6424,6305,119,1059,61,4626
1102,6430,6311,119,1060,62,4629
1103,6436,6317,119,1061,62,4633
1104,6442,6323,119,1062,62,4636
1105,6449,6329,120,1063,62,4639
1106,6456,6335,121,1064,62,4643
1107,6462,6341,121,1065,62,4647
1108,6469,6347,122,1066,62,4651
1109,6475,6353,122,1067,62,4655
1110,6482,6359,123,1068,62,4659
1111,6488,6365,123,1069,62,4663
1112,6494,6371,123,1070,62,4667
1113,6500,6377,123,1071,62,4671
1114,6506,6383,123,1072,62,4675
1115,6512,6389,123,1073,62,4679
1116,6518,6395,123,1074,62,4683
1117,6524,6401,123,1075,62,4687
1118,6530,6407,123,1076,62,4691
1119,6536,6413,123,1077,62,4695
1120,6542,6419,123,1078,62,4699
1121,6548,6425,123,1079,62,4703
1122,6554,6431,123,1080,62,4707
1123,6560,6437,123,1081,62,4711
1124,6566,6443,123,1082,62,4715
1125,6573,6449,124,1083,62,4719
1126,6579,6455,124,1084,62,4723
1127,6585,6461,124,1085,62,4727
1128,6591,6467,124,1086,62,4731
1129,6597,6473,124,1087,62,4735
1130,6603,6479,124,1088,62,4739
1131,6609,6485,124,1089,63,4741
1132,6615,6491,124,1090,63,4745
1133,6621,6497,124,1091,63,4749
1134,6627,6503,124,1092,63,4753
1135,6633,6509,124,1093,63,4757
1136,6639,6515,124,1094,63,4761
1137,6645,6521,124,1095,63,4765
1138,6651,6527,124,1096,64,4768
1139,6657,6533,124,1097,64,4772
1140,6663,6539,124,1098,64,4776
1141,6670,6545,125,1099,64,4780
1142,6676,6551,125,1100,64,4784
1143,6683,6557,126,1101,64,4788
1144,6689,6563,126,1102,64,4792
1145,6696,6569,127,1103,64,4796
1146,6702,6575,127,1104,64,4800
1147,6708,6581,127,1105,64,4804
1148,6714,6587,127,1106,64,4808
1149,6720,6593,127,1107,64,4812
1150,6726,6599,127,1108,65,4815
1151,6732,6605,127,1109,65,4819
1152,6738,6611,127,1110,65,4823
1153,6745,6617,128,1111,65,4827
1154,6751,6623,128,1112,65,4831
1155,6757,6629,128,1113,65,4835
1156,6763,6635,128,1114,65,4839
1157,6769,6641,128,1115,66,4842
1158,6775,6647,128,1116,66,4846
1159,6781,6653,128,1117,66,4850
1160,6788,6659,129,1118,66,4854
1161,6795,6665,130,1119,66,4858
1162,6801,6671,130,1120,66,4862
1163,6807,6677,130,1121,66,4866
1164,6813,6683,130,1122,66,4870
1165,6819,6689,130,1123,66,4874
1166,6825,6695,130,1124,66,4877
1167,6831,6701,130,1125,66,4881
1168,6837,6707,130,1126,66,4884
1169,6843,6713,130,1127,66,4888
1170,6849,6719,130,1128,66,4892
1171,6855,6725,130,1129,66,4896
1172,6861,6731,130,1130,66,4900
1173,6867,6737,130,1131,66,4904
1174,6873,6743,130,1132,66,4908
1175,6879,6749,130,1133,66,4912
1176,6885,6755,130,1134,66,4916
1177,6891,6761,130,1135,66,4920
1178,6897,6767,130,1136,66,4924
1179,6903,6773,130,1137,66,4928
1180,6909,6779,130,1138,66,4932
1181,6915,6785,130,1139,66,4936
1182,6921,6791,130,1140,66,4940
1183,6927,6797,130,1141,66,4944
1184,6933,6803,130,1142,66,4948
1185,6939,6809,130,1143,66,4952
1186,6945,6815,130,1144,66,4956
1187,6951,6821,130,1145,66,4960
1188,6957,6827,130,1146,66,4964
1189,6963,6833,130,1147,66,4968
1190,6969,6839,130,1148,66,4972
1191,6975,6845,130,1149,67,4975
1192,6981,6851,130,1150,67,4979
1193,6987,6857,130,1151,67,4983
1194,6994,6863,131,1152,67,4986
1195,7000,6869,131,1153,67,4990
1196,7007,6875,132,1154,67,4994
1197,7013,6881,132,1155,67,4997
1198,7020,6887,133,1156,67,5001
1199,7028,6893,135,1157,67,5005
1200,7035,6899,136,1158,67,5009
1201,7042,6905,137,1159,67,5013
1202,7048,6911,137,1160,67,5017
1203,7054,6917,137,1161,67,5021
1204,7060,6923,137,1162,67,5025
1205,7066,6929,137,1163,67,5029
1206,7072,6935,137,1164,67,5033
1207,7078,6941,137,1165,68,5036
1208,7084,6947,137,1166,68,5040
1209,7090,6953,137,1167,68,5044
1210,7096,6959,137,1168,68,5048
1211,7102,6965,137,1169,68,5052
1212,7108,6971,137,1170,68,5056
1213,7114,6977,137,1171,68,5060
1214,7120,6983,137,1172,68,5064
1215,7126,6989,137,1173,68,5068
1216,7132,6995,137,1174,68,5072
1217,7138,7001,137,1175,68,5076
1218,7144,7007,137,1176,68,5080
1219,7150,7013,137,1177,68,5083
1220,7156,7019,137,1178,68,5087
1221,7162,7025,137,1179,68,5091
1222,7168,7031,137,1180,68,5095
1223,7174,7037,137,1181,68,5099
1224,7180,7043,137,1182,68,5103
1225,7186,7049,137,1183,68,5107
1226,7192,7055,137,1184,68,5111
1227,7198,7061,137,1185,68,5115
1228,7205,7067,138,1186,68,5119
1229,7211,7073,138,1187,68,5123
1230,7217,7079,138,1188,68,5127
1231,7223,7085,138,1189,68,5131
1232,7229,7091,138,1190,69,5134
1233,7235,7097,138,1191,69,5138
1234,7241,7103,138,1191,69,5143
1235,7246,7108,138,1191,69,5149
1236,7252,7113,139,1191,69,5154
1237,7257,7118,139,1192,70,5158
1238,7262,7123,139,1193,70,5163
1239,7267,7128,139,1194,70,5168
1240,7272,7133,139,1195,70,5173
1241,7278,7138,140,1196,70,5178
1242,7284,7143,141,1197,70,5183
1243,7290,7148,142,1198,70,5188
1244,7296,7153,143,1199,72,5190
1245,7302,7158,144,1200,72,5195
1246,7310,7163,147,1201,72,5200
1247,7318,7168,150,1202,72,5205
1248,7325,7173,152,1203,72,5210
1249,7331,7178,153,1204,72,5215
1250,7338,7183,155,1205,72,5220
1251,7344,7188,156,1206,72,5225
1252,7350,7193,157,1207,72,5230
1253,7356,7198,158,1208,72,5235
1254,7362,7203,159,1209,72,5240
1255,7368,7208,160,1210,72,5245
1256,7374,7213,161,1211,72,5250
1257,7380,7218,162,1212,72,5254
1258,7387,7223,164,1213,72,5259
1259,7393,7228,165,1214,72,5264
1260,7399,7233,166,1215,72,5269
1261,7405,7238,167,1216,72,5274
1262,7411,7243,168,1217,72,5279
1263,7417,7248,169,1218,72,5284
1264,7423,7253,170,1219,72,5289
1265,7429,7258,171,1220,72,5294
1266,7435,7263,172,1221,72,5299
1267,7441,7268,173,1222,72,5304
1268,7447,7273,174,1223,72,5309
1269,7453,7278,175,1224,72,5313
1270,7459,7283,176,1225,72,5318
1271,7465,7288,177,1226,72,5323
1272,7471,7293,178,1227,72,5328
1273,7477,7298,179,1228,72,5333
1274,7483,7303,180,1229,72,5338
1275,7489,7308,181,1230,72,5343
1276,7496,7313,183,1231,72,5348
1277,7502,7318,184,1232,72,5353
1278,7509,7323,186,1233,72,5358
1279,7516,7328,188,1234,72,5363
1280,7522,7333,189,1235,72,5368
1281,7529,7338,191,1236,72,5373
1282,7535,7343,192,1237,73,5376
1283,7542,7349,193,1238,73,5380
1284,7549,7355,194,1239,73,5384
1285,7556,7361,195,1240,73,5388
1286,7563,7367,196,1241,73,5392
1287,7570,7373,197,1242,73,5396
1288,7577,7379,198,1243,73,5400
1289,7584,7385,199,1244,73,5404
1290,7591,7391,200,1245,73,5408
1291,7598,7397,201,1246,73,5412
1292,7605,7403,202,1247,73,5416
1293,7612,7409,203,1248,73,5420
1294,7619,7415,204,1249,74,5423
1295,7626,7421,205,1250,74,5427
1296,7634,7427,207,1251,74,5431
1297,7641,7432,209,1251,74,5437
1298,7647,7437,210,1251,74,5442
